Workbook

Sheet Istruzioni
A1: REGISTRO PREVISIONI – come si usa
A2: 1. Nell'app premi 'Scarica registro Excel' dopo le tue giocate/simulazioni.
A3: 2. Apri il file scaricato, copia le righe (colonne A–S) e incollale nel foglio Registro sotto l'ultima riga piena, dalla colonna A.
A4: 3. Le colonne grigie (T–Y: Profitto, CLV, Brier) si calcolano da sole: non toccarle. Sono pronte fino a riga 3001.
A5: 4. A fine partita compila Esito (1 = vinta, 0 = persa) e, se la trovi, Quota_chiusura (quota prima del fischio d'inizio).
A6: 5. Riepilogo e Calibrazione si aggiornano da soli.
A7: 6. Per l'analisi completa carica il file nella pagina 'Prestazioni' dell'app.
A9: COME LEGGERE I RISULTATI
A10: - CLV positivo (quota presa > quota chiusura) è il test più affidabile: significa che batti il mercato anche prima dell'esito.
A11: - Brier più basso = previsioni migliori. Confronta Brier finale con Brier mercato: se non scende, il modello non aggiunge nulla.
A12: - Calibrazione: se dici 70% e succede il 70% delle volte, sei tarato. Linee separate = probabilità troppo alte o basse.
A13: - Il giudizio 'vantaggio dimostrato' richiede almeno 100 selezioni per mercato. Prima è solo rumore.
... A15: - Non cancellare né rinominare le colonne: l'app le riconosce dai nomi.

Sheet Registro
A1: ID | B1: Data | C1: Ora | D1: Competizione | E1: Partita | F1: Mercato | G1: Selezione | H1: Prob_finale | I1: Prob_mercato | J1: Prob_modello | K1: Prob_stile | L1: Prob_Claude | M1: Quota_presa | N1: Puntata | O1: Tipo | P1: Versione_modello | Q1: Quota_chiusura | R1: Esito | S1: Note | T1: Profitto | U1: CLV | V1: Brier_finale | W1: Brier_mercato | X1: Brier_modello | Y1: Brier_Claude
A2: 2026-08-22|Inter - Monza|1X2|1 | B2: 46256 | C2: 17:30 | D2: Serie A | E2: Inter - Monza | F2: 1X2 | G2: 1 | H2: 0.8 | I2: 0.82 | J2: 0.74 | M2: 1.25 | N2: 10 | O2: Reale | P2: loglineare | T2: =IF(OR($R2="",$N2="",$M2=""),"",$N2*($M2*$R2-1)) | U2: =IF(OR($M2="",$Q2=""),"",$M2/$Q2-1) | V2: =IF(OR($H2="",$R2=""),"",($H2-$R2)^2) | W2: =IF(OR($I2="",$R2=""),"",($I2-$R2)^2) | X2: =IF(OR($J2="",$R2=""),"",($J2-$R2)^2) | Y2: =IF(OR($L2="",$R2=""),"",($L2-$R2)^2)
A3: 2026-08-22|Inter - Monza|1X2|1 | B3: 46256 | C3: 17:30 | D3: Serie A | E3: Inter - Monza | F3: 1X2 | G3: 1 | H3: 0.8 | I3: 0.82 | J3: 0.74 | M3: 1.25 | N3: 10 | O3: Reale | P3: loglineare | S3: doppione incollato due volte | T3: =IF(OR($R3="",$N3="",$M3=""),"",$N3*($M3*$R3-1)) | U3: =IF(OR($M3="",$Q3=""),"",$M3/$Q3-1) | V3: =IF(OR($H3="",$R3=""),"",($H3-$R3)^2) | W3: =IF(OR($I3="",$R3=""),"",($I3-$R3)^2) | X3: =IF(OR($J3="",$R3=""),"",($J3-$R3)^2) | Y3: =IF(OR($L3="",$R3=""),"",($L3-$R3)^2)
A4: 2026-08-22|Udinese - Como|Over 2.5|Over 2.5 gol | B4: 46256 | C4: 17:30 | D4: Serie A | E4: Udinese - Como | F4: Over 2.5 | G4: Over 2.5 gol | H4: 0.45 | I4: 0.47 | J4: 0.41 | K4: 0.44 | M4: 2.1 | N4: 5 | O4: A carta | P4: loglineare | T4: =IF(OR($R4="",$N4="",$M4=""),"",$N4*($M4*$R4-1)) | U4: =IF(OR($M4="",$Q4=""),"",$M4/$Q4-1) | V4: =IF(OR($H4="",$R4=""),"",($H4-$R4)^2) | W4: =IF(OR($I4="",$R4=""),"",($I4-$R4)^2) | X4: =IF(OR($J4="",$R4=""),"",($J4-$R4)^2) | Y4: =IF(OR($L4="",$R4=""),"",($L4-$R4)^2)
A5: 2026-08-22|Genoa - Napoli|Corner|Over 9.5 corner | B5: 46256 | E5: Genoa - Napoli | F5: Corner | G5: Over 9.5 corner | H5: 0.5 | J5: 0.5 | M5: 1.9 | N5: 5 | O5: A carta | P5: loglineare | T5: =IF(OR($R5="",$N5="",$M5=""),"",$N5*($M5*$R5-1)) | U5: =IF(OR($M5="",$Q5=""),"",$M5/$Q5-1) | V5: =IF(OR($H5="",$R5=""),"",($H5-$R5)^2) | W5: =IF(OR($I5="",$R5=""),"",($I5-$R5)^2) | X5: =IF(OR($J5="",$R5=""),"",($J5-$R5)^2) | Y5: =IF(OR($L5="",$R5=""),"",($L5-$R5)^2)
A6: 2026-08-23|Atalanta - Sassuolo|Goal/NoGoal|Goal | B6: 23/08/2026 | C6: 20:45 | D6: Serie A | E6: Atalanta - Sassuolo | F6: Goal/NoGoal | G6: Goal | H6: 0.55 | I6: 0.56 | J6: 0.52 | L6: 0.57 | M6: 1.8 | N6: 10 | O6: A carta | P6: loglineare | Q6: 1.7 | R6: 1 | S6: esito inserito a mano | T6: =IF(OR($R6="",$N6="",$M6=""),"",$N6*($M6*$R6-1)) | U6: =IF(OR($M6="",$Q6=""),"",$M6/$Q6-1) | V6: =IF(OR($H6="",$R6=""),"",($H6-$R6)^2) | W6: =IF(OR($I6="",$R6=""),"",($I6-$R6)^2) | X6: =IF(OR($J6="",$R6=""),"",($J6-$R6)^2) | Y6: =IF(OR($L6="",$R6=""),"",($L6-$R6)^2)
A7: 2026-08-23|Torino - Milan|Cartellini|Over 4.5 cartellini | B7: 46257 | C7: 18:30 | D7: Serie A | E7: Torino - Milan | F7: Cartellini | G7: Over 4.5 cartellini | H7: 62 | J7: 62 | M7: 1.95 | N7: 5 | O7: Reale | P7: loglineare | T7: =IF(OR($R7="",$N7="",$M7=""),"",$N7*($M7*$R7-1)) | U7: =IF(OR($M7="",$Q7=""),"",$M7/$Q7-1) | V7: =IF(OR($H7="",$R7=""),"",($H7-$R7)^2) | W7: =IF(OR($I7="",$R7=""),"",($I7-$R7)^2) | X7: =IF(OR($J7="",$R7=""),"",($J7-$R7)^2) | Y7: =IF(OR($L7="",$R7=""),"",($L7-$R7)^2)
B8: 46257 | C8: 20:45 | D8: Serie A | E8: Venezia - Lecce | F8: 1X2 | G8: 2 | H8: 0.25 | I8: 0.22 | J8: 0.27 | M8: 4.6 | N8: 2 | O8: Reale | P8: loglineare | T8: =IF(OR($R8="",$N8="",$M8=""),"",$N8*($M8*$R8-1)) | U8: =IF(OR($M8="",$Q8=""),"",$M8/$Q8-1) | V8: =IF(OR($H8="",$R8=""),"",($H8-$R8)^2) | W8: =IF(OR($I8="",$R8=""),"",($I8-$R8)^2) | X8: =IF(OR($J8="",$R8=""),"",($J8-$R8)^2) | Y8: =IF(OR($L8="",$R8=""),"",($L8-$R8)^2)
T9: =IF(OR($R9="",$N9="",$M9=""),"",$N9*($M9*$R9-1)) | U9: =IF(OR($M9="",$Q9=""),"",$M9/$Q9-1) | V9: =IF(OR($H9="",$R9=""),"",($H9-$R9)^2) | W9: =IF(OR($I9="",$R9=""),"",($I9-$R9)^2) | X9: =IF(OR($J9="",$R9=""),"",($J9-$R9)^2) | Y9: =IF(OR($L9="",$R9=""),"",($L9-$R9)^2)
A10: 2026-10-21|Real Madrid - Barcellona|1X2|1 | B10: 46316 | C10: 21:00 | D10: Champions League | E10: Real Madrid - Barcellona | F10: 1X2 | G10: 1 | H10: 0.48 | I10: 0.47 | J10: 0.5 | M10: 2.05 | N10: 10 | O10: Reale | P10: loglineare | T10: =IF(OR($R10="",$N10="",$M10=""),"",$N10*($M10*$R10-1)) | U10: =IF(OR($M10="",$Q10=""),"",$M10/$Q10-1) | V10: =IF(OR($H10="",$R10=""),"",($H10-$R10)^2) | W10: =IF(OR($I10="",$R10=""),"",($I10-$R10)^2) | X10: =IF(OR($J10="",$R10=""),"",($J10-$R10)^2) | Y10: =IF(OR($L10="",$R10=""),"",($L10-$R10)^2)
A11: 2026-08-22|Inter - Monza|Combo|1 + Over 1.5 gol | B11: 46256 | C11: 17:30 | D11: Serie A | E11: Inter - Monza | F11: Combo | G11: 1 + Over 1.5 gol | H11: 0.7 | J11: 0.66 | M11: 1.4 | N11: 5 | O11: A carta | P11: loglineare | T11: =IF(OR($R11="",$N11="",$M11=""),"",$N11*($M11*$R11-1)) | U11: =IF(OR($M11="",$Q11=""),"",$M11/$Q11-1) | V11: =IF(OR($H11="",$R11=""),"",($H11-$R11)^2) | W11: =IF(OR($I11="",$R11=""),"",($I11-$R11)^2) | X11: =IF(OR($J11="",$R11=""),"",($J11-$R11)^2) | Y11: =IF(OR($L11="",$R11=""),"",($L11-$R11)^2)
A12: 2026-08-22|Udinese - Como|DNB|Casa DNB | B12: 46256 | C12: 17:30 | D12: Serie A | E12: Udinese - Como | F12: DNB | G12: Casa DNB | H12: 0.4 | J12: 0.38 | M12: 3.4 | N12: 5 | O12: A carta | P12: loglineare | T12: =IF(OR($R12="",$N12="",$M12=""),"",$N12*($M12*$R12-1)) | U12: =IF(OR($M12="",$Q12=""),"",$M12/$Q12-1) | V12: =IF(OR($H12="",$R12=""),"",($H12-$R12)^2) | W12: =IF(OR($I12="",$R12=""),"",($I12-$R12)^2) | X12: =IF(OR($J12="",$R12=""),"",($J12-$R12)^2) | Y12: =IF(OR($L12="",$R12=""),"",($L12-$R12)^2)
A13: 2026-08-22|Udinese - Como|Primo tempo|1 1T | B13: 46256 | C13: 17:30 | D13: Serie A | E13: Udinese - Como | F13: Primo tempo | G13: 1 1T | H13: 0.25 | J13: 0.24 | M13: 4.2 | N13: 5 | O13: A carta | P13: loglineare | T13: =IF(OR($R13="",$N13="",$M13=""),"",$N13*($M13*$R13-1)) | U13: =IF(OR($M13="",$Q13=""),"",$M13/$Q13-1) | V13: =IF(OR($H13="",$R13=""),"",($H13-$R13)^2) | W13: =IF(OR($I13="",$R13=""),"",($I13-$R13)^2) | X13: =IF(OR($J13="",$R13=""),"",($J13-$R13)^2) | Y13: =IF(OR($L13="",$R13=""),"",($L13-$R13)^2)
A14: 2026-08-22|Inter - Monza|Over 3.5|Over 3.5 gol | B14: 46256 | C14: 17:30 | D14: Serie A | E14: Inter - Monza | F14: Over 3.5 | G14: Over 3.5 gol | H14: 0.38 | J14: 0.36 | M14: 2.4 | N14: 5 | O14: A carta | P14: loglineare | T14: =IF(OR($R14="",$N14="",$M14=""),"",$N14*($M14*$R14-1)) | U14: =IF(OR($M14="",$Q14=""),"",$M14/$Q14-1) | V14: =IF(OR($H14="",$R14=""),"",($H14-$R14)^2) | W14: =IF(OR($I14="",$R14=""),"",($I14-$R14)^2) | X14: =IF(OR($J14="",$R14=""),"",($J14-$R14)^2) | Y14: =IF(OR($L14="",$R14=""),"",($L14-$R14)^2)
A15: 2026-08-22|Inter - Monza|Over 1.5 1T|Over 1.5 gol 1T | B15: 46256 | C15: 17:30 | D15: Serie A | E15: Inter - Monza | F15: Over 1.5 1T | G15: Over 1.5 gol 1T | H15: 0.3 | J15: 0.3 | M15: 2.9 | N15: 5 | O15: A carta | P15: loglineare | T15: =IF(OR($R15="",$N15="",$M15=""),"",$N15*($M15*$R15-1)) | U15: =IF(OR($M15="",$Q15=""),"",$M15/$Q15-1) | V15: =IF(OR($H15="",$R15=""),"",($H15-$R15)^2) | W15: =IF(OR($I15="",$R15=""),"",($I15-$R15)^2) | X15: =IF(OR($J15="",$R15=""),"",($J15-$R15)^2) | Y15: =IF(OR($L15="",$R15=""),"",($L15-$R15)^2)
A16: 2026-08-22|Genoa - Napoli|Multigol ospite|Multigol Ospite 1-2 | B16: 46256 | C16: 17:30 | D16: Serie A | E16: Genoa - Napoli | F16: Multigol ospite | G16: Multigol Ospite 1-2 | H16: 0.55 | J16: 0.55 | M16: 1.7 | N16: 5 | O16: A carta | P16: loglineare | T16: =IF(OR($R16="",$N16="",$M16=""),"",$N16*($M16*$R16-1)) | U16: =IF(OR($M16="",$Q16=""),"",$M16/$Q16-1) | V16: =IF(OR($H16="",$R16=""),"",($H16-$R16)^2) | W16: =IF(OR($I16="",$R16=""),"",($I16-$R16)^2) | X16: =IF(OR($J16="",$R16=""),"",($J16-$R16)^2) | Y16: =IF(OR($L16="",$R16=""),"",($L16-$R16)^2)
A17: 2026-08-23|Torino - Milan|Doppia chance|X2 | B17: 46257 | C17: 18:30 | D17: Serie A | E17: Torino - Milan | F17: Doppia chance | G17: X2 | H17: 0.7 | J17: 0.68 | M17: 1.35 | N17: 5 | O17: A carta | P17: loglineare | T17: =IF(OR($R17="",$N17="",$M17=""),"",$N17*($M17*$R17-1)) | U17: =IF(OR($M17="",$Q17=""),"",$M17/$Q17-1) | V17: =IF(OR($H17="",$R17=""),"",($H17-$R17)^2) | W17: =IF(OR($I17="",$R17=""),"",($I17-$R17)^2) | X17: =IF(OR($J17="",$R17=""),"",($J17-$R17)^2) | Y17: =IF(OR($L17="",$R17=""),"",($L17-$R17)^2)
T18: =IF(OR($R18="",$N18="",$M18=""),"",$N18*($M18*$R18-1)) | U18: =IF(OR($M18="",$Q18=""),"",$M18/$Q18-1) | V18: =IF(OR($H18="",$R18=""),"",($H18-$R18)^2) | W18: =IF(OR($I18="",$R18=""),"",($I18-$R18)^2) | X18: =IF(OR($J18="",$R18=""),"",($J18-$R18)^2) | Y18: =IF(OR($L18="",$R18=""),"",($L18-$R18)^2)
T19: =IF(OR($R19="",$N19="",$M19=""),"",$N19*($M19*$R19-1)) | U19: =IF(OR($M19="",$Q19=""),"",$M19/$Q19-1) | V19: =IF(OR($H19="",$R19=""),"",($H19-$R19)^2) | W19: =IF(OR($I19="",$R19=""),"",($I19-$R19)^2) | X19: =IF(OR($J19="",$R19=""),"",($J19-$R19)^2) | Y19: =IF(OR($L19="",$R19=""),"",($L19-$R19)^2)
T20: =IF(OR($R20="",$N20="",$M20=""),"",$N20*($M20*$R20-1)) | U20: =IF(OR($M20="",$Q20=""),"",$M20/$Q20-1) | V20: =IF(OR($H20="",$R20=""),"",($H20-$R20)^2) | W20: =IF(OR($I20="",$R20=""),"",($I20-$R20)^2) | X20: =IF(OR($J20="",$R20=""),"",($J20-$R20)^2) | Y20: =IF(OR($L20="",$R20=""),"",($L20-$R20)^2)
T21: =IF(OR($R21="",$N21="",$M21=""),"",$N21*($M21*$R21-1)) | U21: =IF(OR($M21="",$Q21=""),"",$M21/$Q21-1) | V21: =IF(OR($H21="",$R21=""),"",($H21-$R21)^2) | W21: =IF(OR($I21="",$R21=""),"",($I21-$R21)^2) | X21: =IF(OR($J21="",$R21=""),"",($J21-$R21)^2) | Y21: =IF(OR($L21="",$R21=""),"",($L21-$R21)^2)
T22: =IF(OR($R22="",$N22="",$M22=""),"",$N22*($M22*$R22-1)) | U22: =IF(OR($M22="",$Q22=""),"",$M22/$Q22-1) | V22: =IF(OR($H22="",$R22=""),"",($H22-$R22)^2) | W22: =IF(OR($I22="",$R22=""),"",($I22-$R22)^2) | X22: =IF(OR($J22="",$R22=""),"",($J22-$R22)^2) | Y22: =IF(OR($L22="",$R22=""),"",($L22-$R22)^2)
T23: =IF(OR($R23="",$N23="",$M23=""),"",$N23*($M23*$R23-1)) | U23: =IF(OR($M23="",$Q23=""),"",$M23/$Q23-1) | V23: =IF(OR($H23="",$R23=""),"",($H23-$R23)^2) | W23: =IF(OR($I23="",$R23=""),"",($I23-$R23)^2) | X23: =IF(OR($J23="",$R23=""),"",($J23-$R23)^2) | Y23: =IF(OR($L23="",$R23=""),"",($L23-$R23)^2)
T24: =IF(OR($R24="",$N24="",$M24=""),"",$N24*($M24*$R24-1)) | U24: =IF(OR($M24="",$Q24=""),"",$M24/$Q24-1) | V24: =IF(OR($H24="",$R24=""),"",($H24-$R24)^2) | W24: =IF(OR($I24="",$R24=""),"",($I24-$R24)^2) | X24: =IF(OR($J24="",$R24=""),"",($J24-$R24)^2) | Y24: =IF(OR($L24="",$R24=""),"",($L24-$R24)^2)
T25: =IF(OR($R25="",$N25="",$M25=""),"",$N25*($M25*$R25-1)) | U25: =IF(OR($M25="",$Q25=""),"",$M25/$Q25-1) | V25: =IF(OR($H25="",$R25=""),"",($H25-$R25)^2) | W25: =IF(OR($I25="",$R25=""),"",($I25-$R25)^2) | X25: =IF(OR($J25="",$R25=""),"",($J25-$R25)^2) | Y25: =IF(OR($L25="",$R25=""),"",($L25-$R25)^2)
T26: =IF(OR($R26="",$N26="",$M26=""),"",$N26*($M26*$R26-1)) | U26: =IF(OR($M26="",$Q26=""),"",$M26/$Q26-1) | V26: =IF(OR($H26="",$R26=""),"",($H26-$R26)^2) | W26: =IF(OR($I26="",$R26=""),"",($I26-$R26)^2) | X26: =IF(OR($J26="",$R26=""),"",($J26-$R26)^2) | Y26: =IF(OR($L26="",$R26=""),"",($L26-$R26)^2)
T27: =IF(OR($R27="",$N27="",$M27=""),"",$N27*($M27*$R27-1)) | U27: =IF(OR($M27="",$Q27=""),"",$M27/$Q27-1) | V27: =IF(OR($H27="",$R27=""),"",($H27-$R27)^2) | W27: =IF(OR($I27="",$R27=""),"",($I27-$R27)^2) | X27: =IF(OR($J27="",$R27=""),"",($J27-$R27)^2) | Y27: =IF(OR($L27="",$R27=""),"",($L27-$R27)^2)
T28: =IF(OR($R28="",$N28="",$M28=""),"",$N28*($M28*$R28-1)) | U28: =IF(OR($M28="",$Q28=""),"",$M28/$Q28-1) | V28: =IF(OR($H28="",$R28=""),"",($H28-$R28)^2) | W28: =IF(OR($I28="",$R28=""),"",($I28-$R28)^2) | X28: =IF(OR($J28="",$R28=""),"",($J28-$R28)^2) | Y28: =IF(OR($L28="",$R28=""),"",($L28-$R28)^2)
T29: =IF(OR($R29="",$N29="",$M29=""),"",$N29*($M29*$R29-1)) | U29: =IF(OR($M29="",$Q29=""),"",$M29/$Q29-1) | V29: =IF(OR($H29="",$R29=""),"",($H29-$R29)^2) | W29: =IF(OR($I29="",$R29=""),"",($I29-$R29)^2) | X29: =IF(OR($J29="",$R29=""),"",($J29-$R29)^2) | Y29: =IF(OR($L29="",$R29=""),"",($L29-$R29)^2)
... T3001: =IF(OR($R3001="",$N3001="",$M3001=""),"",$N3001*($M3001*$R3001-1)) | U3001: =IF(OR($M3001="",$Q3001=""),"",$M3001/$Q3001-1) | V3001: =IF(OR($H3001="",$R3001=""),"",($H3001-$R3001)^2) | W3001: =IF(OR($I3001="",$R3001=""),"",($I3001-$R3001)^2) | X3001: =IF(OR($J3001="",$R3001=""),"",($J3001-$R3001)^2) | Y3001: =IF(OR($L3001="",$R3001=""),"",($L3001-$R3001)^2)

Sheet Riepilogo
A1: Prestazioni per tipo di giocata
A2: Tipo | B2: Selezioni con esito | C2: Puntata totale | D2: Profitto | E2: ROI | F2: CLV medio | G2: Brier finale
A3: Reale | B3: =COUNTIFS(Registro!$O$2:$O$3001,A3,Registro!$R$2:$R$3001,"<>") | C3: =SUMIFS(Registro!$N$2:$N$3001,Registro!$O$2:$O$3001,A3,Registro!$R$2:$R$3001,"<>") | D3: =SUMIFS(Registro!$T$2:$T$3001,Registro!$O$2:$O$3001,A3) | E3: =IF(C3=0,"",D3/C3) | F3: =IFERROR(AVERAGEIFS(Registro!$U$2:$U$3001,Registro!$O$2:$O$3001,A3),"") | G3: =IFERROR(AVERAGEIFS(Registro!$V$2:$V$3001,Registro!$O$2:$O$3001,A3),"")
A4: A carta | B4: =COUNTIFS(Registro!$O$2:$O$3001,A4,Registro!$R$2:$R$3001,"<>") | C4: =SUMIFS(Registro!$N$2:$N$3001,Registro!$O$2:$O$3001,A4,Registro!$R$2:$R$3001,"<>") | D4: =SUMIFS(Registro!$T$2:$T$3001,Registro!$O$2:$O$3001,A4) | E4: =IF(C4=0,"",D4/C4) | F4: =IFERROR(AVERAGEIFS(Registro!$U$2:$U$3001,Registro!$O$2:$O$3001,A4),"") | G4: =IFERROR(AVERAGEIFS(Registro!$V$2:$V$3001,Registro!$O$2:$O$3001,A4),"")
A7: Prestazioni per mercato (modifica i nomi in colonna A, devono coincidere con la colonna Mercato del Registro)
A8: Mercato | B8: Selezioni con esito | C8: % vinte | D8: Prob. media finale | E8: Brier finale | F8: Brier mercato | G8: Brier modello | H8: Brier Claude | I8: CLV medio | J8: ROI | K8: Giudizio
A9: 1X2 | B9: =COUNTIFS(Registro!$F$2:$F$3001,$A9,Registro!$R$2:$R$3001,"<>") | C9: =IF(B9=0,"",SUMIFS(Registro!$R$2:$R$3001,Registro!$F$2:$F$3001,$A9)/B9) | D9: =IFERROR(AVERAGEIFS(Registro!$H$2:$H$3001,Registro!$F$2:$F$3001,$A9,Registro!$R$2:$R$3001,"<>"),"") | E9: =IFERROR(AVERAGEIFS(Registro!$V$2:$V$3001,Registro!$F$2:$F$3001,$A9),"") | F9: =IFERROR(AVERAGEIFS(Registro!$W$2:$W$3001,Registro!$F$2:$F$3001,$A9),"") | G9: =IFERROR(AVERAGEIFS(Registro!$X$2:$X$3001,Registro!$F$2:$F$3001,$A9),"") | H9: =IFERROR(AVERAGEIFS(Registro!$Y$2:$Y$3001,Registro!$F$2:$F$3001,$A9),"") | I9: =IFERROR(AVERAGEIFS(Registro!$U$2:$U$3001,Registro!$F$2:$F$3001,$A9),"") | J9: =IFERROR(SUMIFS(Registro!$T$2:$T$3001,Registro!$F$2:$F$3001,$A9)/SUMIFS(Registro!$N$2:$N$3001,Registro!$F$2:$F$3001,$A9,Registro!$R$2:$R$3001,"<>"),"") | K9: =IF(B9<100,"Non ancora dimostrato (servono 100, ne hai "&B9&")",IF(AND(ISNUMBER(I9),I9>0),"VANTAGGIO DIMOSTRATO","Nessun vantaggio (CLV non positivo)"))
A10: Doppia chance | B10: =COUNTIFS(Registro!$F$2:$F$3001,$A10,Registro!$R$2:$R$3001,"<>") | C10: =IF(B10=0,"",SUMIFS(Registro!$R$2:$R$3001,Registro!$F$2:$F$3001,$A10)/B10) | D10: =IFERROR(AVERAGEIFS(Registro!$H$2:$H$3001,Registro!$F$2:$F$3001,$A10,Registro!$R$2:$R$3001,"<>"),"") | E10: =IFERROR(AVERAGEIFS(Registro!$V$2:$V$3001,Registro!$F$2:$F$3001,$A10),"") | F10: =IFERROR(AVERAGEIFS(Registro!$W$2:$W$3001,Registro!$F$2:$F$3001,$A10),"") | G10: =IFERROR(AVERAGEIFS(Registro!$X$2:$X$3001,Registro!$F$2:$F$3001,$A10),"") | H10: =IFERROR(AVERAGEIFS(Registro!$Y$2:$Y$3001,Registro!$F$2:$F$3001,$A10),"") | I10: =IFERROR(AVERAGEIFS(Registro!$U$2:$U$3001,Registro!$F$2:$F$3001,$A10),"") | J10: =IFERROR(SUMIFS(Registro!$T$2:$T$3001,Registro!$F$2:$F$3001,$A10)/SUMIFS(Registro!$N$2:$N$3001,Registro!$F$2:$F$3001,$A10,Registro!$R$2:$R$3001,"<>"),"") | K10: =IF(B10<100,"Non ancora dimostrato (servono 100, ne hai "&B10&")",IF(AND(ISNUMBER(I10),I10>0),"VANTAGGIO DIMOSTRATO","Nessun vantaggio (CLV non positivo)"))
A11: DNB | B11: =COUNTIFS(Registro!$F$2:$F$3001,$A11,Registro!$R$2:$R$3001,"<>") | C11: =IF(B11=0,"",SUMIFS(Registro!$R$2:$R$3001,Registro!$F$2:$F$3001,$A11)/B11) | D11: =IFERROR(AVERAGEIFS(Registro!$H$2:$H$3001,Registro!$F$2:$F$3001,$A11,Registro!$R$2:$R$3001,"<>"),"") | E11: =IFERROR(AVERAGEIFS(Registro!$V$2:$V$3001,Registro!$F$2:$F$3001,$A11),"") | F11: =IFERROR(AVERAGEIFS(Registro!$W$2:$W$3001,Registro!$F$2:$F$3001,$A11),"") | G11: =IFERROR(AVERAGEIFS(Registro!$X$2:$X$3001,Registro!$F$2:$F$3001,$A11),"") | H11: =IFERROR(AVERAGEIFS(Registro!$Y$2:$Y$3001,Registro!$F$2:$F$3001,$A11),"") | I11: =IFERROR(AVERAGEIFS(Registro!$U$2:$U$3001,Registro!$F$2:$F$3001,$A11),"") | J11: =IFERROR(SUMIFS(Registro!$T$2:$T$3001,Registro!$F$2:$F$3001,$A11)/SUMIFS(Registro!$N$2:$N$3001,Registro!$F$2:$F$3001,$A11,Registro!$R$2:$R$3001,"<>"),"") | K11: =IF(B11<100,"Non ancora dimostrato (servono 100, ne hai "&B11&")",IF(AND(ISNUMBER(I11),I11>0),"VANTAGGIO DIMOSTRATO","Nessun vantaggio (CLV non positivo)"))
A12: Over 1.5 | B12: =COUNTIFS(Registro!$F$2:$F$3001,$A12,Registro!$R$2:$R$3001,"<>") | C12: =IF(B12=0,"",SUMIFS(Registro!$R$2:$R$3001,Registro!$F$2:$F$3001,$A12)/B12) | D12: =IFERROR(AVERAGEIFS(Registro!$H$2:$H$3001,Registro!$F$2:$F$3001,$A12,Registro!$R$2:$R$3001,"<>"),"") | E12: =IFERROR(AVERAGEIFS(Registro!$V$2:$V$3001,Registro!$F$2:$F$3001,$A12),"") | F12: =IFERROR(AVERAGEIFS(Registro!$W$2:$W$3001,Registro!$F$2:$F$3001,$A12),"") | G12: =IFERROR(AVERAGEIFS(Registro!$X$2:$X$3001,Registro!$F$2:$F$3001,$A12),"") | H12: =IFERROR(AVERAGEIFS(Registro!$Y$2:$Y$3001,Registro!$F$2:$F$3001,$A12),"") | I12: =IFERROR(AVERAGEIFS(Registro!$U$2:$U$3001,Registro!$F$2:$F$3001,$A12),"") | J12: =IFERROR(SUMIFS(Registro!$T$2:$T$3001,Registro!$F$2:$F$3001,$A12)/SUMIFS(Registro!$N$2:$N$3001,Registro!$F$2:$F$3001,$A12,Registro!$R$2:$R$3001,"<>"),"") | K12: =IF(B12<100,"Non ancora dimostrato (servono 100, ne hai "&B12&")",IF(AND(ISNUMBER(I12),I12>0),"VANTAGGIO DIMOSTRATO","Nessun vantaggio (CLV non positivo)"))
A13: Under 1.5 | B13: =COUNTIFS(Registro!$F$2:$F$3001,$A13,Registro!$R$2:$R$3001,"<>") | C13: =IF(B13=0,"",SUMIFS(Registro!$R$2:$R$3001,Registro!$F$2:$F$3001,$A13)/B13) | D13: =IFERROR(AVERAGEIFS(Registro!$H$2:$H$3001,Registro!$F$2:$F$3001,$A13,Registro!$R$2:$R$3001,"<>"),"") | E13: =IFERROR(AVERAGEIFS(Registro!$V$2:$V$3001,Registro!$F$2:$F$3001,$A13),"") | F13: =IFERROR(AVERAGEIFS(Registro!$W$2:$W$3001,Registro!$F$2:$F$3001,$A13),"") | G13: =IFERROR(AVERAGEIFS(Registro!$X$2:$X$3001,Registro!$F$2:$F$3001,$A13),"") | H13: =IFERROR(AVERAGEIFS(Registro!$Y$2:$Y$3001,Registro!$F$2:$F$3001,$A13),"") | I13: =IFERROR(AVERAGEIFS(Registro!$U$2:$U$3001,Registro!$F$2:$F$3001,$A13),"") | J13: =IFERROR(SUMIFS(Registro!$T$2:$T$3001,Registro!$F$2:$F$3001,$A13)/SUMIFS(Registro!$N$2:$N$3001,Registro!$F$2:$F$3001,$A13,Registro!$R$2:$R$3001,"<>"),"") | K13: =IF(B13<100,"Non ancora dimostrato (servono 100, ne hai "&B13&")",IF(AND(ISNUMBER(I13),I13>0),"VANTAGGIO DIMOSTRATO","Nessun vantaggio (CLV non positivo)"))
A14: Over 2.5 | B14: =COUNTIFS(Registro!$F$2:$F$3001,$A14,Registro!$R$2:$R$3001,"<>") | C14: =IF(B14=0,"",SUMIFS(Registro!$R$2:$R$3001,Registro!$F$2:$F$3001,$A14)/B14) | D14: =IFERROR(AVERAGEIFS(Registro!$H$2:$H$3001,Registro!$F$2:$F$3001,$A14,Registro!$R$2:$R$3001,"<>"),"") | E14: =IFERROR(AVERAGEIFS(Registro!$V$2:$V$3001,Registro!$F$2:$F$3001,$A14),"") | F14: =IFERROR(AVERAGEIFS(Registro!$W$2:$W$3001,Registro!$F$2:$F$3001,$A14),"") | G14: =IFERROR(AVERAGEIFS(Registro!$X$2:$X$3001,Registro!$F$2:$F$3001,$A14),"") | H14: =IFERROR(AVERAGEIFS(Registro!$Y$2:$Y$3001,Registro!$F$2:$F$3001,$A14),"") | I14: =IFERROR(AVERAGEIFS(Registro!$U$2:$U$3001,Registro!$F$2:$F$3001,$A14),"") | J14: =IFERROR(SUMIFS(Registro!$T$2:$T$3001,Registro!$F$2:$F$3001,$A14)/SUMIFS(Registro!$N$2:$N$3001,Registro!$F$2:$F$3001,$A14,Registro!$R$2:$R$3001,"<>"),"") | K14: =IF(B14<100,"Non ancora dimostrato (servono 100, ne hai "&B14&")",IF(AND(ISNUMBER(I14),I14>0),"VANTAGGIO DIMOSTRATO","Nessun vantaggio (CLV non positivo)"))
A15: Under 2.5 | B15: =COUNTIFS(Registro!$F$2:$F$3001,$A15,Registro!$R$2:$R$3001,"<>") | C15: =IF(B15=0,"",SUMIFS(Registro!$R$2:$R$3001,Registro!$F$2:$F$3001,$A15)/B15) | D15: =IFERROR(AVERAGEIFS(Registro!$H$2:$H$3001,Registro!$F$2:$F$3001,$A15,Registro!$R$2:$R$3001,"<>"),"") | E15: =IFERROR(AVERAGEIFS(Registro!$V$2:$V$3001,Registro!$F$2:$F$3001,$A15),"") | F15: =IFERROR(AVERAGEIFS(Registro!$W$2:$W$3001,Registro!$F$2:$F$3001,$A15),"") | G15: =IFERROR(AVERAGEIFS(Registro!$X$2:$X$3001,Registro!$F$2:$F$3001,$A15),"") | H15: =IFERROR(AVERAGEIFS(Registro!$Y$2:$Y$3001,Registro!$F$2:$F$3001,$A15),"") | I15: =IFERROR(AVERAGEIFS(Registro!$U$2:$U$3001,Registro!$F$2:$F$3001,$A15),"") | J15: =IFERROR(SUMIFS(Registro!$T$2:$T$3001,Registro!$F$2:$F$3001,$A15)/SUMIFS(Registro!$N$2:$N$3001,Registro!$F$2:$F$3001,$A15,Registro!$R$2:$R$3001,"<>"),"") | K15: =IF(B15<100,"Non ancora dimostrato (servono 100, ne hai "&B15&")",IF(AND(ISNUMBER(I15),I15>0),"VANTAGGIO DIMOSTRATO","Nessun vantaggio (CLV non positivo)"))
A16: Over 3.5 | B16: =COUNTIFS(Registro!$F$2:$F$3001,$A16,Registro!$R$2:$R$3001,"<>") | C16: =IF(B16=0,"",SUMIFS(Registro!$R$2:$R$3001,Registro!$F$2:$F$3001,$A16)/B16) | D16: =IFERROR(AVERAGEIFS(Registro!$H$2:$H$3001,Registro!$F$2:$F$3001,$A16,Registro!$R$2:$R$3001,"<>"),"") | E16: =IFERROR(AVERAGEIFS(Registro!$V$2:$V$3001,Registro!$F$2:$F$3001,$A16),"") | F16: =IFERROR(AVERAGEIFS(Registro!$W$2:$W$3001,Registro!$F$2:$F$3001,$A16),"") | G16: =IFERROR(AVERAGEIFS(Registro!$X$2:$X$3001,Registro!$F$2:$F$3001,$A16),"") | H16: =IFERROR(AVERAGEIFS(Registro!$Y$2:$Y$3001,Registro!$F$2:$F$3001,$A16),"") | I16: =IFERROR(AVERAGEIFS(Registro!$U$2:$U$3001,Registro!$F$2:$F$3001,$A16),"") | J16: =IFERROR(SUMIFS(Registro!$T$2:$T$3001,Registro!$F$2:$F$3001,$A16)/SUMIFS(Registro!$N$2:$N$3001,Registro!$F$2:$F$3001,$A16,Registro!$R$2:$R$3001,"<>"),"") | K16: =IF(B16<100,"Non ancora dimostrato (servono 100, ne hai "&B16&")",IF(AND(ISNUMBER(I16),I16>0),"VANTAGGIO DIMOSTRATO","Nessun vantaggio (CLV non positivo)"))
A17: Under 3.5 | B17: =COUNTIFS(Registro!$F$2:$F$3001,$A17,Registro!$R$2:$R$3001,"<>") | C17: =IF(B17=0,"",SUMIFS(Registro!$R$2:$R$3001,Registro!$F$2:$F$3001,$A17)/B17) | D17: =IFERROR(AVERAGEIFS(Registro!$H$2:$H$3001,Registro!$F$2:$F$3001,$A17,Registro!$R$2:$R$3001,"<>"),"") | E17: =IFERROR(AVERAGEIFS(Registro!$V$2:$V$3001,Registro!$F$2:$F$3001,$A17),"") | F17: =IFERROR(AVERAGEIFS(Registro!$W$2:$W$3001,Registro!$F$2:$F$3001,$A17),"") | G17: =IFERROR(AVERAGEIFS(Registro!$X$2:$X$3001,Registro!$F$2:$F$3001,$A17),"") | H17: =IFERROR(AVERAGEIFS(Registro!$Y$2:$Y$3001,Registro!$F$2:$F$3001,$A17),"") | I17: =IFERROR(AVERAGEIFS(Registro!$U$2:$U$3001,Registro!$F$2:$F$3001,$A17),"") | J17: =IFERROR(SUMIFS(Registro!$T$2:$T$3001,Registro!$F$2:$F$3001,$A17)/SUMIFS(Registro!$N$2:$N$3001,Registro!$F$2:$F$3001,$A17,Registro!$R$2:$R$3001,"<>"),"") | K17: =IF(B17<100,"Non ancora dimostrato (servono 100, ne hai "&B17&")",IF(AND(ISNUMBER(I17),I17>0),"VANTAGGIO DIMOSTRATO","Nessun vantaggio (CLV non positivo)"))
A18: Goal/NoGoal | B18: =COUNTIFS(Registro!$F$2:$F$3001,$A18,Registro!$R$2:$R$3001,"<>") | C18: =IF(B18=0,"",SUMIFS(Registro!$R$2:$R$3001,Registro!$F$2:$F$3001,$A18)/B18) | D18: =IFERROR(AVERAGEIFS(Registro!$H$2:$H$3001,Registro!$F$2:$F$3001,$A18,Registro!$R$2:$R$3001,"<>"),"") | E18: =IFERROR(AVERAGEIFS(Registro!$V$2:$V$3001,Registro!$F$2:$F$3001,$A18),"") | F18: =IFERROR(AVERAGEIFS(Registro!$W$2:$W$3001,Registro!$F$2:$F$3001,$A18),"") | G18: =IFERROR(AVERAGEIFS(Registro!$X$2:$X$3001,Registro!$F$2:$F$3001,$A18),"") | H18: =IFERROR(AVERAGEIFS(Registro!$Y$2:$Y$3001,Registro!$F$2:$F$3001,$A18),"") | I18: =IFERROR(AVERAGEIFS(Registro!$U$2:$U$3001,Registro!$F$2:$F$3001,$A18),"") | J18: =IFERROR(SUMIFS(Registro!$T$2:$T$3001,Registro!$F$2:$F$3001,$A18)/SUMIFS(Registro!$N$2:$N$3001,Registro!$F$2:$F$3001,$A18,Registro!$R$2:$R$3001,"<>"),"") | K18: =IF(B18<100,"Non ancora dimostrato (servono 100, ne hai "&B18&")",IF(AND(ISNUMBER(I18),I18>0),"VANTAGGIO DIMOSTRATO","Nessun vantaggio (CLV non positivo)"))
A19: Multigol | B19: =COUNTIFS(Registro!$F$2:$F$3001,$A19,Registro!$R$2:$R$3001,"<>") | C19: =IF(B19=0,"",SUMIFS(Registro!$R$2:$R$3001,Registro!$F$2:$F$3001,$A19)/B19) | D19: =IFERROR(AVERAGEIFS(Registro!$H$2:$H$3001,Registro!$F$2:$F$3001,$A19,Registro!$R$2:$R$3001,"<>"),"") | E19: =IFERROR(AVERAGEIFS(Registro!$V$2:$V$3001,Registro!$F$2:$F$3001,$A19),"") | F19: =IFERROR(AVERAGEIFS(Registro!$W$2:$W$3001,Registro!$F$2:$F$3001,$A19),"") | G19: =IFERROR(AVERAGEIFS(Registro!$X$2:$X$3001,Registro!$F$2:$F$3001,$A19),"") | H19: =IFERROR(AVERAGEIFS(Registro!$Y$2:$Y$3001,Registro!$F$2:$F$3001,$A19),"") | I19: =IFERROR(AVERAGEIFS(Registro!$U$2:$U$3001,Registro!$F$2:$F$3001,$A19),"") | J19: =IFERROR(SUMIFS(Registro!$T$2:$T$3001,Registro!$F$2:$F$3001,$A19)/SUMIFS(Registro!$N$2:$N$3001,Registro!$F$2:$F$3001,$A19,Registro!$R$2:$R$3001,"<>"),"") | K19: =IF(B19<100,"Non ancora dimostrato (servono 100, ne hai "&B19&")",IF(AND(ISNUMBER(I19),I19>0),"VANTAGGIO DIMOSTRATO","Nessun vantaggio (CLV non positivo)"))
A20: Multigol casa | B20: =COUNTIFS(Registro!$F$2:$F$3001,$A20,Registro!$R$2:$R$3001,"<>") | C20: =IF(B20=0,"",SUMIFS(Registro!$R$2:$R$3001,Registro!$F$2:$F$3001,$A20)/B20) | D20: =IFERROR(AVERAGEIFS(Registro!$H$2:$H$3001,Registro!$F$2:$F$3001,$A20,Registro!$R$2:$R$3001,"<>"),"") | E20: =IFERROR(AVERAGEIFS(Registro!$V$2:$V$3001,Registro!$F$2:$F$3001,$A20),"") | F20: =IFERROR(AVERAGEIFS(Registro!$W$2:$W$3001,Registro!$F$2:$F$3001,$A20),"") | G20: =IFERROR(AVERAGEIFS(Registro!$X$2:$X$3001,Registro!$F$2:$F$3001,$A20),"") | H20: =IFERROR(AVERAGEIFS(Registro!$Y$2:$Y$3001,Registro!$F$2:$F$3001,$A20),"") | I20: =IFERROR(AVERAGEIFS(Registro!$U$2:$U$3001,Registro!$F$2:$F$3001,$A20),"") | J20: =IFERROR(SUMIFS(Registro!$T$2:$T$3001,Registro!$F$2:$F$3001,$A20)/SUMIFS(Registro!$N$2:$N$3001,Registro!$F$2:$F$3001,$A20,Registro!$R$2:$R$3001,"<>"),"") | K20: =IF(B20<100,"Non ancora dimostrato (servono 100, ne hai "&B20&")",IF(AND(ISNUMBER(I20),I20>0),"VANTAGGIO DIMOSTRATO","Nessun vantaggio (CLV non positivo)"))
... A27: Combo | B27: =COUNTIFS(Registro!$F$2:$F$3001,$A27,Registro!$R$2:$R$3001,"<>") | C27: =IF(B27=0,"",SUMIFS(Registro!$R$2:$R$3001,Registro!$F$2:$F$3001,$A27)/B27) | D27: =IFERROR(AVERAGEIFS(Registro!$H$2:$H$3001,Registro!$F$2:$F$3001,$A27,Registro!$R$2:$R$3001,"<>"),"") | E27: =IFERROR(AVERAGEIFS(Registro!$V$2:$V$3001,Registro!$F$2:$F$3001,$A27),"") | F27: =IFERROR(AVERAGEIFS(Registro!$W$2:$W$3001,Registro!$F$2:$F$3001,$A27),"") | G27: =IFERROR(AVERAGEIFS(Registro!$X$2:$X$3001,Registro!$F$2:$F$3001,$A27),"") | H27: =IFERROR(AVERAGEIFS(Registro!$Y$2:$Y$3001,Registro!$F$2:$F$3001,$A27),"") | I27: =IFERROR(AVERAGEIFS(Registro!$U$2:$U$3001,Registro!$F$2:$F$3001,$A27),"") | J27: =IFERROR(SUMIFS(Registro!$T$2:$T$3001,Registro!$F$2:$F$3001,$A27)/SUMIFS(Registro!$N$2:$N$3001,Registro!$F$2:$F$3001,$A27,Registro!$R$2:$R$3001,"<>"),"") | K27: =IF(B27<100,"Non ancora dimostrato (servono 100, ne hai "&B27&")",IF(AND(ISNUMBER(I27),I27>0),"VANTAGGIO DIMOSTRATO","Nessun vantaggio (CLV non positivo)"))
A30: Quale componente migliora? Confronta i Brier: più basso = meglio. Se 'Brier finale' non è sotto 'Brier mercato', il modello non sta battendo la quota.

Sheet Calibrazione
A1: Calibrazione (tutti i mercati): le probabilità previste si verificano davvero?
A2: Da | B2: A | C2: N selezioni | D2: Prob. prevista media | E2: Frequenza reale
A3: 0 | B3: 0.5 | C3: =COUNTIFS(Registro!$H$2:$H$3001,">="&A3,Registro!$H$2:$H$3001,"<"&B3,Registro!$R$2:$R$3001,"<>") | D3: =IF(C3=0,NA(),AVERAGEIFS(Registro!$H$2:$H$3001,Registro!$H$2:$H$3001,">="&A3,Registro!$H$2:$H$3001,"<"&B3,Registro!$R$2:$R$3001,"<>")) | E3: =IF(C3=0,NA(),SUMIFS(Registro!$R$2:$R$3001,Registro!$H$2:$H$3001,">="&A3,Registro!$H$2:$H$3001,"<"&B3)/C3)
A4: 0.5 | B4: 0.6 | C4: =COUNTIFS(Registro!$H$2:$H$3001,">="&A4,Registro!$H$2:$H$3001,"<"&B4,Registro!$R$2:$R$3001,"<>") | D4: =IF(C4=0,NA(),AVERAGEIFS(Registro!$H$2:$H$3001,Registro!$H$2:$H$3001,">="&A4,Registro!$H$2:$H$3001,"<"&B4,Registro!$R$2:$R$3001,"<>")) | E4: =IF(C4=0,NA(),SUMIFS(Registro!$R$2:$R$3001,Registro!$H$2:$H$3001,">="&A4,Registro!$H$2:$H$3001,"<"&B4)/C4)
A5: 0.6 | B5: 0.7 | C5: =COUNTIFS(Registro!$H$2:$H$3001,">="&A5,Registro!$H$2:$H$3001,"<"&B5,Registro!$R$2:$R$3001,"<>") | D5: =IF(C5=0,NA(),AVERAGEIFS(Registro!$H$2:$H$3001,Registro!$H$2:$H$3001,">="&A5,Registro!$H$2:$H$3001,"<"&B5,Registro!$R$2:$R$3001,"<>")) | E5: =IF(C5=0,NA(),SUMIFS(Registro!$R$2:$R$3001,Registro!$H$2:$H$3001,">="&A5,Registro!$H$2:$H$3001,"<"&B5)/C5)
A6: 0.7 | B6: 0.8 | C6: =COUNTIFS(Registro!$H$2:$H$3001,">="&A6,Registro!$H$2:$H$3001,"<"&B6,Registro!$R$2:$R$3001,"<>") | D6: =IF(C6=0,NA(),AVERAGEIFS(Registro!$H$2:$H$3001,Registro!$H$2:$H$3001,">="&A6,Registro!$H$2:$H$3001,"<"&B6,Registro!$R$2:$R$3001,"<>")) | E6: =IF(C6=0,NA(),SUMIFS(Registro!$R$2:$R$3001,Registro!$H$2:$H$3001,">="&A6,Registro!$H$2:$H$3001,"<"&B6)/C6)
A7: 0.8 | B7: 0.9 | C7: =COUNTIFS(Registro!$H$2:$H$3001,">="&A7,Registro!$H$2:$H$3001,"<"&B7,Registro!$R$2:$R$3001,"<>") | D7: =IF(C7=0,NA(),AVERAGEIFS(Registro!$H$2:$H$3001,Registro!$H$2:$H$3001,">="&A7,Registro!$H$2:$H$3001,"<"&B7,Registro!$R$2:$R$3001,"<>")) | E7: =IF(C7=0,NA(),SUMIFS(Registro!$R$2:$R$3001,Registro!$H$2:$H$3001,">="&A7,Registro!$H$2:$H$3001,"<"&B7)/C7)
A8: 0.9 | B8: 1.0001 | C8: =COUNTIFS(Registro!$H$2:$H$3001,">="&A8,Registro!$H$2:$H$3001,"<"&B8,Registro!$R$2:$R$3001,"<>") | D8: =IF(C8=0,NA(),AVERAGEIFS(Registro!$H$2:$H$3001,Registro!$H$2:$H$3001,">="&A8,Registro!$H$2:$H$3001,"<"&B8,Registro!$R$2:$R$3001,"<>")) | E8: =IF(C8=0,NA(),SUMIFS(Registro!$R$2:$R$3001,Registro!$H$2:$H$3001,">="&A8,Registro!$H$2:$H$3001,"<"&B8)/C8)
